{"chanMap": [24, 25, 26, 27, 28, 29, 30, 31, 0, 1, 2, 3, 4, 5, 6, 7, 20, 21, 22, 23, 16, 17, 18, 19, 12, 13, 14, 15, 8, 9, 10, 11, 56, 57, 58, 59, 60, 61, 62, 63, 32, 33, 34, 35, 36, 37, 38, 39, 52, 53, 54, 55, 48, 49, 50, 51, 44, 45, 46, 47, 40, 41, 42, 43], "xc": [10.0, 6.123233995736766e-16, -10.0, -1.8369701987210296e-15, 10.0, 6.123233995736766e-16, -10.0, -1.8369701987210296e-15, 110.0, 100.0, 90.0, 100.0, 110.0, 100.0, 90.0, 100.0, 10.0, 6.123233995736766e-16, -10.0, -1.8369701987210296e-15, 10.0, 6.123233995736766e-16, -10.0, -1.8369701987210296e-15, 110.0, 100.0, 90.0, 100.0, 110.0, 100.0, 90.0, 100.0, 1010.0, 1000.0, 990.0, 1000.0, 1010.0, 1000.0, 990.0, 1000.0, 1110.0, 1100.0, 1090.0, 1100.0, 1110.0, 1100.0, 1090.0, 1100.0, 1010.0, 1000.0, 990.0, 1000.0, 1010.0, 1000.0, 990.0, 1000.0, 1110.0, 1100.0, 1090.0, 1100.0, 1110.0, 1100.0, 1090.0, 1100.0], "yc": [0.0, 10.0, 1.2246467991473533e-15, -10.0, 100.0, 110.0, 100.0, 90.0, 0.0, 10.0, 1.2246467991473533e-15, -10.0, 100.0, 110.0, 100.0, 90.0, 1000.0, 1010.0, 1000.0, 990.0, 1100.0, 1110.0, 1100.0, 1090.0, 1000.0, 1010.0, 1000.0, 990.0, 1100.0, 1110.0, 1100.0, 1090.0, 0.0, 10.0, 1.2246467991473533e-15, -10.0, 100.0, 110.0, 100.0, 90.0, 0.0, 10.0, 1.2246467991473533e-15, -10.0, 100.0, 110.0, 100.0, 90.0, 1000.0, 1010.0, 1000.0, 990.0, 1100.0, 1110.0, 1100.0, 1090.0, 1000.0, 1010.0, 1000.0, 990.0, 1100.0, 1110.0, 1100.0, 1090.0], "kcoords": [0, 0, 0, 0, 1, 1, 1, 1, 2, 2, 2, 2, 3, 3, 3, 3, 4, 4, 4, 4, 5, 5, 5, 5, 6, 6, 6, 6, 7, 7, 7, 7, 8, 8, 8, 8, 9, 9, 9, 9, 10, 10, 10, 10, 11, 11, 11, 11, 12, 12, 12, 12, 13, 13, 13, 13, 14, 14, 14, 14, 15, 15, 15, 15], "n_chan": 64}